name,energy,dose,z,y
c01_E30.0_D5e13,30.0,5.0e13,1.2653,2.1371e11
c01_E30.0_D5e13,30.0,5.0e13,8.8267,1.6227e12
c01_E30.0_D5e13,30.0,5.0e13,12.3373,2.5727e12
c01_E30.0_D5e13,30.0,5.0e13,20.6216,2.4533e12
c01_E30.0_D5e13,30.0,5.0e13,29.5821,3.5735e11
c01_E30.0_D5e13,30.0,5.0e13,35.6741,3.4874e10
c01_E30.0_D5e13,30.0,5.0e13,43.1647,5.4381e8
c01_E30.0_D5e13,30.0,5.0e13,48.5712,1.3581e7
c01_E30.0_D5e13,30.0,5.0e13,62.2868,3.6772e1
c01_E30.0_D5e13,30.0,5.0e13,69.5383,7.0682e-3
c01_E30.0_D5e13,30.0,5.0e13,81.6018,2.5005e-10
c01_E30.0_D5e13,30.0,5.0e13,89.5950,5.9663e-16
c01_E30.0_D5e13,30.0,5.0e13,97.5507,2.3693e-22
c01_E30.0_D5e13,30.0,5.0e13,102.5999,1.0126e-26
c01_E30.0_D5e13,30.0,5.0e13,112.1098,1.1585e-35
c01_E30.0_D5e13,30.0,5.0e13,118.2562,5.8747e-42
c01_E30.0_D5e13,30.0,5.0e13,125.2045,1.8070e-49
c01_E30.0_D5e13,30.0,5.0e13,145.5935,1.3033e-74
c01_E30.0_D5e13,30.0,5.0e13,150.0161,1.4099e-80
c01_E30.0_D5e13,30.0,5.0e13,167.3610,4.8441e-106
c01_E30.0_D5e13,30.0,5.0e13,180.5108,1.7160e-127
c01_E30.0_D5e13,30.0,5.0e13,191.3393,2.0146e-146
c02_E30.0_D1e14,30.0,1.0e14,1.9153,5.1212e11
c02_E30.0_D1e14,30.0,1.0e14,5.4480,1.5285e12
c02_E30.0_D1e14,30.0,1.0e14,14.4293,6.0691e12
c02_E30.0_D1e14,30.0,1.0e14,19.5224,5.1770e12
c02_E30.0_D1e14,30.0,1.0e14,29.6190,7.6697e11
c02_E30.0_D1e14,30.0,1.0e14,33.8892,1.4954e11
c02_E30.0_D1e14,30.0,1.0e14,42.1252,2.0883e9
c02_E30.0_D1e14,30.0,1.0e14,48.2803,3.2334e7
c02_E30.0_D1e14,30.0,1.0e14,55.0657,9.3953e4
c02_E30.0_D1e14,30.0,1.0e14,70.3863,4.4916e-3
c02_E30.0_D1e14,30.0,1.0e14,76.7542,8.0567e-7
c02_E30.0_D1e14,30.0,1.0e14,90.1393,4.3472e-16
c02_E30.0_D1e14,30.0,1.0e14,97.1827,9.4307e-22
c02_E30.0_D1e14,30.0,1.0e14,115.8180,3.9448e-39
c02_E30.0_D1e14,30.0,1.0e14,122.7123,1.9244e-46
c02_E30.0_D1e14,30.0,1.0e14,131.6442,1.1832e-56
c02_E30.0_D1e14,30.0,1.0e14,138.6921,2.7195e-65
c02_E30.0_D1e14,30.0,1.0e14,160.5730,1.8575e-95
c02_E30.0_D1e14,30.0,1.0e14,171.0104,1.6065e-111
c02_E30.0_D1e14,30.0,1.0e14,180.5080,3.4417e-127
c02_E30.0_D1e14,30.0,1.0e14,186.4615,2.0245e-137
c02_E30.0_D1e14,30.0,1.0e14,191.2719,5.6698e-146
c02_E30.0_D1e14,30.0,1.0e14,200.0000,3.6523e-162
c03_E30.0_D5e14,30.0,5.0e14,0.3207,1.4519e12
c03_E30.0_D5e14,30.0,5.0e14,8.8727,1.5880e13
c03_E30.0_D5e14,30.0,5.0e14,12.1050,2.6253e13
c03_E30.0_D5e14,30.0,5.0e14,26.4158,9.4157e12
c03_E30.0_D5e14,30.0,5.0e14,33.9123,7.4951e11
c03_E30.0_D5e14,30.0,5.0e14,42.9280,5.8946e9
c03_E30.0_D5e14,30.0,5.0e14,47.7375,2.3170e8
c03_E30.0_D5e14,30.0,5.0e14,56.6190,1.0895e5
c03_E30.0_D5e14,30.0,5.0e14,60.2833,2.8608e3
c03_E30.0_D5e14,30.0,5.0e14,70.9089,1.1099e-2
c03_E30.0_D5e14,30.0,5.0e14,77.4765,1.4209e-6
c03_E30.0_D5e14,30.0,5.0e14,88.1795,6.0020e-14
c03_E30.0_D5e14,30.0,5.0e14,102.5677,1.1240e-25
c03_E30.0_D5e14,30.0,5.0e14,110.4250,5.1750e-33
c03_E30.0_D5e14,30.0,5.0e14,124.6978,6.0231e-48
c03_E30.0_D5e14,30.0,5.0e14,131.4343,1.1029e-55
c03_E30.0_D5e14,30.0,5.0e14,143.9062,2.5601e-71
c03_E30.0_D5e14,30.0,5.0e14,159.9008,9.7402e-94
c03_E30.0_D5e14,30.0,5.0e14,167.4444,3.6812e-105
c03_E30.0_D5e14,30.0,5.0e14,171.7799,4.2672e-112
c03_E30.0_D5e14,30.0,5.0e14,179.4719,9.8297e-125
c03_E30.0_D5e14,30.0,5.0e14,184.8866,5.7556e-134
c03_E30.0_D5e14,30.0,5.0e14,191.4862,1.0602e-145
c04_E30.0_D1e15,30.0,1.0e15,0.8073,3.5144e12
c04_E30.0_D1e15,30.0,1.0e15,5.7906,1.6931e13
c04_E30.0_D1e15,30.0,1.0e15,13.7144,5.6820e13
c04_E30.0_D1e15,30.0,1.0e15,22.4950,3.7445e13
c04_E30.0_D1e15,30.0,1.0e15,39.3380,1.1436e11
c04_E30.0_D1e15,30.0,1.0e15,56.2133,3.3763e5
c04_E30.0_D1e15,30.0,1.0e15,62.0665,8.7234e2
c04_E30.0_D1e15,30.0,1.0e15,68.4672,5.1328e-1
c04_E30.0_D1e15,30.0,1.0e15,74.0102,3.7738e-4
c04_E30.0_D1e15,30.0,1.0e15,82.8537,8.0452e-10
c04_E30.0_D1e15,30.0,1.0e15,87.8306,2.2482e-13
c04_E30.0_D1e15,30.0,1.0e15,94.6874,1.0250e-18
c04_E30.0_D1e15,30.0,1.0e15,104.3165,5.5720e-27
c04_E30.0_D1e15,30.0,1.0e15,110.1162,1.8898e-32
c04_E30.0_D1e15,30.0,1.0e15,117.7200,4.5742e-40
c04_E30.0_D1e15,30.0,1.0e15,122.2707,5.3105e-45
c04_E30.0_D1e15,30.0,1.0e15,139.7802,1.0702e-65
c04_E30.0_D1e15,30.0,1.0e15,145.2097,9.4030e-73
c04_E30.0_D1e15,30.0,1.0e15,152.6584,5.7174e-83
c04_E30.0_D1e15,30.0,1.0e15,159.1488,2.5315e-92
c04_E30.0_D1e15,30.0,1.0e15,164.7408,1.0544e-100
c04_E30.0_D1e15,30.0,1.0e15,172.2723,1.5810e-112
c05_E30.0_D2e15,30.0,2.0e15,11.8209,9.6033e13
c05_E30.0_D2e15,30.0,2.0e15,20.9702,9.2319e13
c05_E30.0_D2e15,30.0,2.0e15,26.0382,3.8362e13
c05_E30.0_D2e15,30.0,2.0e15,35.3666,1.6028e12
c05_E30.0_D2e15,30.0,2.0e15,41.0735,8.3783e10
c05_E30.0_D2e15,30.0,2.0e15,48.3771,5.7604e8
c05_E30.0_D2e15,30.0,2.0e15,53.7096,7.5578e6
c05_E30.0_D2e15,30.0,2.0e15,69.9364,1.5547e-1
c05_E30.0_D2e15,30.0,2.0e15,77.3221,6.6659e-6
c05_E30.0_D2e15,30.0,2.0e15,81.1501,2.1061e-8
c05_E30.0_D2e15,30.0,2.0e15,98.4671,1.6102e-21
c05_E30.0_D2e15,30.0,2.0e15,102.5472,4.1685e-25
c05_E30.0_D2e15,30.0,2.0e15,118.1783,2.9421e-40
c05_E30.0_D2e15,30.0,2.0e15,122.3077,1.0208e-44
c05_E30.0_D2e15,30.0,2.0e15,130.7112,2.8710e-54
c05_E30.0_D2e15,30.0,2.0e15,143.8247,1.2838e-70
c05_E30.0_D2e15,30.0,2.0e15,153.0741,2.9201e-83
c05_E30.0_D2e15,30.0,2.0e15,158.7869,1.7761e-91
c05_E30.0_D2e15,30.0,2.0e15,163.6786,9.0238e-99
c05_E30.0_D2e15,30.0,2.0e15,179.2176,1.2190e-123
c05_E30.0_D2e15,30.0,2.0e15,184.7016,5.1240e-133
c05_E30.0_D2e15,30.0,2.0e15,191.0435,2.8620e-144
c05_E30.0_D2e15,30.0,2.0e15,200.0000,7.6122e-161
c06_E60.0_D5e13,60.0,5.0e13,0.0000,8.9019e10
c06_E60.0_D5e13,60.0,5.0e13,7.8079,4.3526e11
c06_E60.0_D5e13,60.0,5.0e13,12.9890,8.8220e11
c06_E60.0_D5e13,60.0,5.0e13,21.1837,1.7908e12
c06_E60.0_D5e13,60.0,5.0e13,34.1118,1.3881e12
c06_E60.0_D5e13,60.0,5.0e13,40.3708,7.7889e11
c06_E60.0_D5e13,60.0,5.0e13,55.3813,4.0953e10
c06_E60.0_D5e13,60.0,5.0e13,69.2739,4.4750e8
c06_E60.0_D5e13,60.0,5.0e13,75.2159,3.9886e7
c06_E60.0_D5e13,60.0,5.0e13,81.5108,2.1177e6
c06_E60.0_D5e13,60.0,5.0e13,88.4222,5.5394e4
c06_E60.0_D5e13,60.0,5.0e13,95.7441,6.8283e2
c06_E60.0_D5e13,60.0,5.0e13,101.5424,1.8647e1
c06_E60.0_D5e13,60.0,5.0e13,108.6349,1.1467e-1
c06_E60.0_D5e13,60.0,5.0e13,115.2052,7.4095e-4
c06_E60.0_D5e13,60.0,5.0e13,125.1954,1.4349e-7
c06_E60.0_D5e13,60.0,5.0e13,132.2423,2.2077e-10
c06_E60.0_D5e13,60.0,5.0e13,137.4194,1.5516e-12
c06_E60.0_D5e13,60.0,5.0e13,143.6052,2.8056e-15
c06_E60.0_D5e13,60.0,5.0e13,152.6805,1.2827e-19
c06_E60.0_D5e13,60.0,5.0e13,156.7020,1.1171e-21
c06_E60.0_D5e13,60.0,5.0e13,166.6792,6.0702e-27
c06_E60.0_D5e13,60.0,5.0e13,171.8023,8.1246e-30
c06_E60.0_D5e13,60.0,5.0e13,180.2132,1.0557e-34
c06_E60.0_D5e13,60.0,5.0e13,186.1892,1.9437e-38
c06_E60.0_D5e13,60.0,5.0e13,194.7354,6.9968e-44
c06_E60.0_D5e13,60.0,5.0e13,200.0000,2.1979e-47
c07_E60.0_D1e14,60.0,1.0e14,8.6456,8.8563e11
c07_E60.0_D1e14,60.0,1.0e14,28.9220,3.9354e12
c07_E60.0_D1e14,60.0,1.0e14,41.6692,1.3399e12
c07_E60.0_D1e14,60.0,1.0e14,47.8498,4.4914e11
c07_E60.0_D1e14,60.0,1.0e14,61.9292,1.2720e10
c07_E60.0_D1e14,60.0,1.0e14,69.1653,9.1642e8
c07_E60.0_D1e14,60.0,1.0e14,75.1642,8.3183e7
c07_E60.0_D1e14,60.0,1.0e14,101.8237,2.3854e1
c07_E60.0_D1e14,60.0,1.0e14,108.8635,1.8355e-1
c07_E60.0_D1e14,60.0,1.0e14,117.0400,3.0218e-4
c07_E60.0_D1e14,60.0,1.0e14,122.5845,2.9327e-6
c07_E60.0_D1e14,60.0,1.0e14,139.5694,3.3909e-13
c07_E60.0_D1e14,60.0,1.0e14,146.3907,2.7048e-16
c07_E60.0_D1e14,60.0,1.0e14,153.2714,1.0309e-19
c07_E60.0_D1e14,60.0,1.0e14,158.9715,1.7154e-22
c07_E60.0_D1e14,60.0,1.0e14,166.5080,1.5668e-26
c07_E60.0_D1e14,60.0,1.0e14,171.4467,2.7012e-29
c07_E60.0_D1e14,60.0,1.0e14,179.3853,6.9345e-34
c07_E60.0_D1e14,60.0,1.0e14,184.8314,3.1250e-37
c08_E60.0_D5e14,60.0,5.0e14,7.5543,3.8021e12
c08_E60.0_D5e14,60.0,5.0e14,14.4261,1.0829e13
c08_E60.0_D5e14,60.0,5.0e14,18.9313,1.4278e13
c08_E60.0_D5e14,60.0,5.0e14,39.6195,8.7446e12
c08_E60.0_D5e14,60.0,5.0e14,50.2203,1.5174e12
c08_E60.0_D5e14,60.0,5.0e14,54.6551,5.1011e11
c08_E60.0_D5e14,60.0,5.0e14,61.4596,7.5765e10
c08_E60.0_D5e14,60.0,5.0e14,70.0301,3.4517e9
c08_E60.0_D5e14,60.0,5.0e14,76.6258,2.2229e8
c08_E60.0_D5e14,60.0,5.0e14,82.9467,9.9443e6
c08_E60.0_D5e14,60.0,5.0e14,88.0553,6.6152e5
c08_E60.0_D5e14,60.0,5.0e14,95.1169,1.0868e4
c08_E60.0_D5e14,60.0,5.0e14,104.5914,2.0586e1
c08_E60.0_D5e14,60.0,5.0e14,110.3721,2.8340e-1
c08_E60.0_D5e14,60.0,5.0e14,115.3132,6.9486e-3
c08_E60.0_D5e14,60.0,5.0e14,122.3658,1.7075e-5
c08_E60.0_D5e14,60.0,5.0e14,130.4356,1.2584e-8
c08_E60.0_D5e14,60.0,5.0e14,137.9509,8.5382e-12
c08_E60.0_D5e14,60.0,5.0e14,145.8724,2.5162e-15
c08_E60.0_D5e14,60.0,5.0e14,173.6386,7.9711e-30
c08_E60.0_D5e14,60.0,5.0e14,178.2400,1.7870e-32
c08_E60.0_D5e14,60.0,5.0e14,187.1276,6.2719e-38
c08_E60.0_D5e14,60.0,5.0e14,193.7725,3.4237e-42
c08_E60.0_D5e14,60.0,5.0e14,200.0000,2.3986e-46
c09_E60.0_D1e15,60.0,1.0e15,19.2665,3.0126e13
c09_E60.0_D1e15,60.0,1.0e15,26.9403,3.8716e13
c09_E60.0_D1e15,60.0,1.0e15,33.1917,3.0418e13
c09_E60.0_D1e15,60.0,1.0e15,42.4482,1.1890e13
c09_E60.0_D1e15,60.0,1.0e15,54.4297,1.2935e12
c09_E60.0_D1e15,60.0,1.0e15,69.0818,9.8623e9
c09_E60.0_D1e15,60.0,1.0e15,76.0907,4.9749e8
c09_E60.0_D1e15,60.0,1.0e15,84.1062,1.1922e7
c09_E60.0_D1e15,60.0,1.0e15,87.7483,1.6180e6
c09_E60.0_D1e15,60.0,1.0e15,96.4353,9.2475e3
c09_E60.0_D1e15,60.0,1.0e15,101.7543,2.9839e2
c09_E60.0_D1e15,60.0,1.0e15,108.6938,2.0167e0
c09_E60.0_D1e15,60.0,1.0e15,116.9031,3.6178e-3
c09_E60.0_D1e15,60.0,1.0e15,125.9860,1.4119e-6
c09_E60.0_D1e15,60.0,1.0e15,129.5092,6.5394e-8
c09_E60.0_D1e15,60.0,1.0e15,138.5661,8.9144e-12
c09_E60.0_D1e15,60.0,1.0e15,149.7922,6.5412e-17
c09_E60.0_D1e15,60.0,1.0e15,159.2722,1.1552e-21
c09_E60.0_D1e15,60.0,1.0e15,163.5110,6.5855e-24
c09_E60.0_D1e15,60.0,1.0e15,174.1931,7.2922e-30
c09_E60.0_D1e15,60.0,1.0e15,177.6912,6.4724e-32
c09_E60.0_D1e15,60.0,1.0e15,188.1663,2.4551e-38
c09_E60.0_D1e15,60.0,1.0e15,194.1877,3.6781e-42
c09_E60.0_D1e15,60.0,1.0e15,200.0000,4.1790e-46
c10_E60.0_D2e15,60.0,2.0e15,0.0644,3.3872e12
c10_E60.0_D2e15,60.0,2.0e15,32.8960,6.4722e13
c10_E60.0_D2e15,60.0,2.0e15,53.6178,2.7140e12
c10_E60.0_D2e15,60.0,2.0e15,62.7628,1.9389e11
c10_E60.0_D2e15,60.0,2.0e15,83.5114,2.8039e7
c10_E60.0_D2e15,60.0,2.0e15,98.4305,6.4551e3
c10_E60.0_D2e15,60.0,2.0e15,122.1400,8.8873e-5
c10_E60.0_D2e15,60.0,2.0e15,136.4673,1.4859e-10
c10_E60.0_D2e15,60.0,2.0e15,146.5189,4.4441e-15
c10_E60.0_D2e15,60.0,2.0e15,156.5597,5.9568e-20
c10_E60.0_D2e15,60.0,2.0e15,163.5897,1.2519e-23
c10_E60.0_D2e15,60.0,2.0e15,171.2914,6.9056e-28
c10_E60.0_D2e15,60.0,2.0e15,177.8435,1.0588e-31
c10_E60.0_D2e15,60.0,2.0e15,185.5990,2.0619e-36
c10_E60.0_D2e15,60.0,2.0e15,192.4446,8.7439e-41
c11_E100.0_D5e13,100.0,5.0e13,6.6131,1.4841e11
c11_E100.0_D5e13,100.0,5.0e13,12.2390,3.2693e11
c11_E100.0_D5e13,100.0,5.0e13,35.8173,1.3521e12
c11_E100.0_D5e13,100.0,5.0e13,40.0747,1.3369e12
c11_E100.0_D5e13,100.0,5.0e13,55.3538,6.4774e11
c11_E100.0_D5e13,100.0,5.0e13,60.0551,4.2198e11
c11_E100.0_D5e13,100.0,5.0e13,67.9120,1.6533e11
c11_E100.0_D5e13,100.0,5.0e13,82.0733,1.6717e10
c11_E100.0_D5e13,100.0,5.0e13,88.5618,4.4147e9
c11_E100.0_D5e13,100.0,5.0e13,94.9432,1.0629e9
c11_E100.0_D5e13,100.0,5.0e13,109.1444,1.6641e7
c11_E100.0_D5e13,100.0,5.0e13,116.6349,1.5336e6
c11_E100.0_D5e13,100.0,5.0e13,131.1233,5.6489e3
c11_E100.0_D5e13,100.0,5.0e13,136.2150,6.8700e2
c11_E100.0_D5e13,100.0,5.0e13,146.6987,5.8451e0
c11_E100.0_D5e13,100.0,5.0e13,151.0566,7.2826e-1
c11_E100.0_D5e13,100.0,5.0e13,164.1294,6.3276e-4
c11_E100.0_D5e13,100.0,5.0e13,172.3559,5.9157e-6
c11_E100.0_D5e13,100.0,5.0e13,180.4172,4.4153e-8
c11_E100.0_D5e13,100.0,5.0e13,187.0957,5.9056e-10
c11_E100.0_D5e13,100.0,5.0e13,198.3236,2.7311e-13
c12_E100.0_D1e14,100.0,1.0e14,0.1515,1.2673e11
c12_E100.0_D1e14,100.0,1.0e14,6.5699,3.1965e11
c12_E100.0_D1e14,100.0,1.0e14,21.4285,1.4071e12
c12_E100.0_D1e14,100.0,1.0e14,28.9339,2.2373e12
c12_E100.0_D1e14,100.0,1.0e14,34.0472,2.5604e12
c12_E100.0_D1e14,100.0,1.0e14,41.6532,2.5662e12
c12_E100.0_D1e14,100.0,1.0e14,47.4269,2.1452e12
c12_E100.0_D1e14,100.0,1.0e14,57.1177,1.1245e12
c12_E100.0_D1e14,100.0,1.0e14,60.5720,8.0366e11
c12_E100.0_D1e14,100.0,1.0e14,69.9108,2.7366e11
c12_E100.0_D1e14,100.0,1.0e14,87.8735,9.7644e9
c12_E100.0_D1e14,100.0,1.0e14,96.4452,1.3823e9
c12_E100.0_D1e14,100.0,1.0e14,101.4699,3.4345e8
c12_E100.0_D1e14,100.0,1.0e14,111.2548,1.8500e7
c12_E100.0_D1e14,100.0,1.0e14,124.8078,1.4590e5
c12_E100.0_D1e14,100.0,1.0e14,137.2952,8.6205e2
c12_E100.0_D1e14,100.0,1.0e14,144.4376,3.2851e1
c12_E100.0_D1e14,100.0,1.0e14,151.5454,1.0811e0
c12_E100.0_D1e14,100.0,1.0e14,157.0441,6.1586e-2
c12_E100.0_D1e14,100.0,1.0e14,166.6344,3.2970e-4
c12_E100.0_D1e14,100.0,1.0e14,173.2425,6.6455e-6
c12_E100.0_D1e14,100.0,1.0e14,195.0047,5.6653e-12
c12_E100.0_D1e14,100.0,1.0e14,200.0000,1.7351e-13
c13_E100.0_D5e14,100.0,5.0e14,1.8189,7.7769e11
c13_E100.0_D5e14,100.0,5.0e14,8.8800,2.1634e12
c13_E100.0_D5e14,100.0,5.0e14,33.8306,1.3616e13
c13_E100.0_D5e14,100.0,5.0e14,41.6825,1.1790e13
c13_E100.0_D5e14,100.0,5.0e14,70.1286,1.2879e12
c13_E100.0_D5e14,100.0,5.0e14,94.9236,9.9257e9
c13_E100.0_D5e14,100.0,5.0e14,111.6398,8.0235e7
c13_E100.0_D5e14,100.0,5.0e14,115.4177,2.2153e7
c13_E100.0_D5e14,100.0,5.0e14,122.9973,1.4280e6
c13_E100.0_D5e14,100.0,5.0e14,130.7796,7.2049e4
c13_E100.0_D5e14,100.0,5.0e14,135.8741,8.4803e3
c13_E100.0_D5e14,100.0,5.0e14,145.9560,8.2962e1
c13_E100.0_D5e14,100.0,5.0e14,160.4416,4.9323e-2
c13_E100.0_D5e14,100.0,5.0e14,166.3520,1.9268e-3
c13_E100.0_D5e14,100.0,5.0e14,171.2644,1.1074e-4
c13_E100.0_D5e14,100.0,5.0e14,180.0948,5.2560e-7
c13_E100.0_D5e14,100.0,5.0e14,186.9376,6.4868e-9
c13_E100.0_D5e14,100.0,5.0e14,191.8776,2.3897e-10
c13_E100.0_D5e14,100.0,5.0e14,198.2736,2.9525e-12
c14_E100.0_D1e15,100.0,1.0e15,1.7136,1.4740e12
c14_E100.0_D1e15,100.0,1.0e15,8.7038,4.0320e12
c14_E100.0_D1e15,100.0,1.0e15,12.8942,7.1129e12
c14_E100.0_D1e15,100.0,1.0e15,20.9726,1.5049e13
c14_E100.0_D1e15,100.0,1.0e15,28.0765,2.2118e13
c14_E100.0_D1e15,100.0,1.0e15,34.9071,2.8980e13
c14_E100.0_D1e15,100.0,1.0e15,41.3434,2.6397e13
c14_E100.0_D1e15,100.0,1.0e15,55.4744,1.2947e13
c14_E100.0_D1e15,100.0,1.0e15,69.4112,3.1111e12
c14_E100.0_D1e15,100.0,1.0e15,83.9145,2.2328e11
c14_E100.0_D1e15,100.0,1.0e15,104.1432,1.6515e9
c14_E100.0_D1e15,100.0,1.0e15,125.5336,9.9305e5
c14_E100.0_D1e15,100.0,1.0e15,130.8237,1.4049e5
c14_E100.0_D1e15,100.0,1.0e15,136.1032,1.2932e4
c14_E100.0_D1e15,100.0,1.0e15,150.1264,2.1532e1
c14_E100.0_D1e15,100.0,1.0e15,173.1861,7.6076e-5
c14_E100.0_D1e15,100.0,1.0e15,194.8838,6.1779e-11
c15_E100.0_D2e15,100.0,2.0e15,0.0853,2.2881e12
c15_E100.0_D2e15,100.0,2.0e15,6.4038,6.1617e12
c15_E100.0_D2e15,100.0,2.0e15,29.0846,4.4101e13
c15_E100.0_D2e15,100.0,2.0e15,34.1786,5.0262e13
c15_E100.0_D2e15,100.0,2.0e15,40.2533,5.3101e13
c15_E100.0_D2e15,100.0,2.0e15,46.6002,3.9371e13
c15_E100.0_D2e15,100.0,2.0e15,54.1915,3.0179e13
c15_E100.0_D2e15,100.0,2.0e15,60.4899,1.8601e13
c15_E100.0_D2e15,100.0,2.0e15,69.2925,5.3820e12
c15_E100.0_D2e15,100.0,2.0e15,81.9808,7.3117e11
c15_E100.0_D2e15,100.0,2.0e15,90.1837,1.2715e11
c15_E100.0_D2e15,100.0,2.0e15,96.8995,2.3506e10
c15_E100.0_D2e15,100.0,2.0e15,104.4605,3.0044e9
c15_E100.0_D2e15,100.0,2.0e15,110.7185,4.3589e8
c15_E100.0_D2e15,100.0,2.0e15,122.5635,6.7129e6
c15_E100.0_D2e15,100.0,2.0e15,132.6404,1.3539e5
c15_E100.0_D2e15,100.0,2.0e15,136.6965,2.3669e4
c15_E100.0_D2e15,100.0,2.0e15,144.0152,8.0175e2
c15_E100.0_D2e15,100.0,2.0e15,151.7888,2.0155e1
c15_E100.0_D2e15,100.0,2.0e15,159.1808,4.0452e-1
c15_E100.0_D2e15,100.0,2.0e15,164.2335,2.5516e-2
c15_E100.0_D2e15,100.0,2.0e15,171.1367,5.3813e-4
c15_E100.0_D2e15,100.0,2.0e15,187.1828,2.2670e-8
c15_E100.0_D2e15,100.0,2.0e15,195.0319,1.1329e-10
c15_E100.0_D2e15,100.0,2.0e15,200.0000,3.4993e-12
c16_E150.0_D5e13,150.0,5.0e13,2.0000,5.4116e10
c16_E150.0_D5e13,150.0,5.0e13,8.7696,1.1912e11
c16_E150.0_D5e13,150.0,5.0e13,12.6422,1.7968e11
c16_E150.0_D5e13,150.0,5.0e13,26.9091,5.1319e11
c16_E150.0_D5e13,150.0,5.0e13,35.7773,7.9372e11
c16_E150.0_D5e13,150.0,5.0e13,40.7367,9.6299e11
c16_E150.0_D5e13,150.0,5.0e13,49.4525,9.6107e11
c16_E150.0_D5e13,150.0,5.0e13,55.4072,1.0418e12
c16_E150.0_D5e13,150.0,5.0e13,63.7384,7.6985e11
c16_E150.0_D5e13,150.0,5.0e13,70.1597,6.0144e11
c16_E150.0_D5e13,150.0,5.0e13,75.2938,4.4541e11
c16_E150.0_D5e13,150.0,5.0e13,84.3015,2.1896e11
c16_E150.0_D5e13,150.0,5.0e13,104.4867,2.7294e10
c16_E150.0_D5e13,150.0,5.0e13,112.3207,8.1513e9
c16_E150.0_D5e13,150.0,5.0e13,117.6568,3.4448e9
c16_E150.0_D5e13,150.0,5.0e13,124.3016,1.1032e9
c16_E150.0_D5e13,150.0,5.0e13,138.8009,5.9147e7
c16_E150.0_D5e13,150.0,5.0e13,158.9078,3.9398e5
c16_E150.0_D5e13,150.0,5.0e13,165.5843,5.3491e4
c16_E150.0_D5e13,150.0,5.0e13,179.3168,8.2852e2
c16_E150.0_D5e13,150.0,5.0e13,184.5036,1.5228e2
c16_E150.0_D5e13,150.0,5.0e13,200.0000,6.4710e-1
c17_E150.0_D1e14,150.0,1.0e14,1.7264,1.0284e11
c17_E150.0_D1e14,150.0,1.0e14,8.5379,2.2903e11
c17_E150.0_D1e14,150.0,1.0e14,18.8018,6.0526e11
c17_E150.0_D1e14,150.0,1.0e14,26.8480,9.6323e11
c17_E150.0_D1e14,150.0,1.0e14,34.5828,1.5281e12
c17_E150.0_D1e14,150.0,1.0e14,40.9327,1.7578e12
c17_E150.0_D1e14,150.0,1.0e14,49.7153,1.9535e12
c17_E150.0_D1e14,150.0,1.0e14,56.1736,1.7765e12
c17_E150.0_D1e14,150.0,1.0e14,62.1548,1.7386e12
c17_E150.0_D1e14,150.0,1.0e14,69.4423,1.2864e12
c17_E150.0_D1e14,150.0,1.0e14,75.1625,9.5840e11
c17_E150.0_D1e14,150.0,1.0e14,84.2282,4.3114e11
c17_E150.0_D1e14,150.0,1.0e14,91.6615,2.3402e11
c17_E150.0_D1e14,150.0,1.0e14,94.7119,1.8001e11
c17_E150.0_D1e14,150.0,1.0e14,105.2025,4.3619e10
c17_E150.0_D1e14,150.0,1.0e14,111.4944,1.7854e10
c17_E150.0_D1e14,150.0,1.0e14,118.7507,5.3217e9
c17_E150.0_D1e14,150.0,1.0e14,125.5030,1.5831e9
c17_E150.0_D1e14,150.0,1.0e14,128.9699,9.2555e8
c17_E150.0_D1e14,150.0,1.0e14,136.7737,1.5921e8
c17_E150.0_D1e14,150.0,1.0e14,166.6781,8.1828e4
c17_E150.0_D1e14,150.0,1.0e14,194.3275,9.8297e0
c17_E150.0_D1e14,150.0,1.0e14,200.0000,1.3506e0
c18_E150.0_D5e14,150.0,5.0e14,12.6593,1.7165e12
c18_E150.0_D5e14,150.0,5.0e14,27.4647,5.4897e12
c18_E150.0_D5e14,150.0,5.0e14,33.5511,7.0697e12
c18_E150.0_D5e14,150.0,5.0e14,47.6466,9.5557e12
c18_E150.0_D5e14,150.0,5.0e14,53.4994,9.6718e12
c18_E150.0_D5e14,150.0,5.0e14,62.4712,7.7477e12
c18_E150.0_D5e14,150.0,5.0e14,77.5696,4.0393e12
c18_E150.0_D5e14,150.0,5.0e14,84.3344,2.4532e12
c18_E150.0_D5e14,150.0,5.0e14,96.1967,7.5681e11
c18_E150.0_D5e14,150.0,5.0e14,101.8100,3.4830e11
c18_E150.0_D5e14,150.0,5.0e14,116.2201,4.1378e10
c18_E150.0_D5e14,150.0,5.0e14,123.5304,1.1375e10
c18_E150.0_D5e14,150.0,5.0e14,132.6136,2.0013e9
c18_E150.0_D5e14,150.0,5.0e14,137.5890,6.8173e8
c18_E150.0_D5e14,150.0,5.0e14,153.6710,1.5428e7
c18_E150.0_D5e14,150.0,5.0e14,165.7360,5.6548e5
c18_E150.0_D5e14,150.0,5.0e14,173.2742,5.8940e4
c18_E150.0_D5e14,150.0,5.0e14,181.1922,4.9104e3
c18_E150.0_D5e14,150.0,5.0e14,186.7494,7.7575e2
c18_E150.0_D5e14,150.0,5.0e14,192.1693,1.1238e2
c18_E150.0_D5e14,150.0,5.0e14,198.6629,1.0875e1
c19_E150.0_D1e15,150.0,1.0e15,0.7111,8.4197e11
c19_E150.0_D1e15,150.0,1.0e15,13.9437,3.8431e12
c19_E150.0_D1e15,150.0,1.0e15,18.8009,5.6354e12
c19_E150.0_D1e15,150.0,1.0e15,25.7030,9.6858e12
c19_E150.0_D1e15,150.0,1.0e15,35.9944,1.5464e13
c19_E150.0_D1e15,150.0,1.0e15,43.4042,1.8140e13
c19_E150.0_D1e15,150.0,1.0e15,54.6526,1.9356e13
c19_E150.0_D1e15,150.0,1.0e15,63.3493,1.4617e13
c19_E150.0_D1e15,150.0,1.0e15,68.3361,1.2796e13
c19_E150.0_D1e15,150.0,1.0e15,74.4879,9.1564e12
c19_E150.0_D1e15,150.0,1.0e15,81.6374,5.7437e12
c19_E150.0_D1e15,150.0,1.0e15,90.3085,2.6104e12
c19_E150.0_D1e15,150.0,1.0e15,95.4355,1.4460e12
c19_E150.0_D1e15,150.0,1.0e15,103.7148,5.3635e11
c19_E150.0_D1e15,150.0,1.0e15,109.6832,2.2209e11
c19_E150.0_D1e15,150.0,1.0e15,117.3523,7.4182e10
c19_E150.0_D1e15,150.0,1.0e15,129.9965,6.5418e9
c19_E150.0_D1e15,150.0,1.0e15,139.8758,9.0677e8
c19_E150.0_D1e15,150.0,1.0e15,144.1426,3.4127e8
c19_E150.0_D1e15,150.0,1.0e15,149.6905,8.5136e7
c19_E150.0_D1e15,150.0,1.0e15,167.2393,7.7369e5
c19_E150.0_D1e15,150.0,1.0e15,180.5153,1.1602e4
c19_E150.0_D1e15,150.0,1.0e15,188.0326,9.7124e2
c20_E150.0_D2e15,150.0,2.0e15,0.0000,1.7110e12
c20_E150.0_D2e15,150.0,2.0e15,8.1285,4.3477e12
c20_E150.0_D2e15,150.0,2.0e15,27.0220,2.2503e13
c20_E150.0_D2e15,150.0,2.0e15,35.6343,2.9960e13
c20_E150.0_D2e15,150.0,2.0e15,46.5840,3.7217e13
c20_E150.0_D2e15,150.0,2.0e15,60.4651,3.5910e13
c20_E150.0_D2e15,150.0,2.0e15,68.4602,2.6263e13
c20_E150.0_D2e15,150.0,2.0e15,75.2107,1.7732e13
c20_E150.0_D2e15,150.0,2.0e15,88.1116,7.0415e12
c20_E150.0_D2e15,150.0,2.0e15,116.6539,1.5661e11
c20_E150.0_D2e15,150.0,2.0e15,143.1420,8.1569e8
c20_E150.0_D2e15,150.0,2.0e15,152.7621,7.4587e7
c20_E150.0_D2e15,150.0,2.0e15,165.2916,2.5808e6
c20_E150.0_D2e15,150.0,2.0e15,172.3326,3.1392e5
c20_E150.0_D2e15,150.0,2.0e15,180.4063,2.5676e4
c20_E150.0_D2e15,150.0,2.0e15,194.0683,2.0818e2
c20_E150.0_D2e15,150.0,2.0e15,199.8372,2.7320e1
c21_E200.0_D5e13,200.0,5.0e13,7.2436,7.1060e10
c21_E200.0_D5e13,200.0,5.0e13,22.4574,2.3382e11
c21_E200.0_D5e13,200.0,5.0e13,26.3384,2.8918e11
c21_E200.0_D5e13,200.0,5.0e13,36.2832,4.8652e11
c21_E200.0_D5e13,200.0,5.0e13,40.0267,5.7268e11
c21_E200.0_D5e13,200.0,5.0e13,55.7361,7.7676e11
c21_E200.0_D5e13,200.0,5.0e13,61.8347,7.7359e11
c21_E200.0_D5e13,200.0,5.0e13,77.7207,6.7366e11
c21_E200.0_D5e13,200.0,5.0e13,91.4490,3.4373e11
c21_E200.0_D5e13,200.0,5.0e13,111.4083,9.5673e10
c21_E200.0_D5e13,200.0,5.0e13,118.4870,5.0644e10
c21_E200.0_D5e13,200.0,5.0e13,129.7676,1.6203e10
c21_E200.0_D5e13,200.0,5.0e13,137.6104,5.8155e9
c21_E200.0_D5e13,200.0,5.0e13,151.1221,9.2483e8
c21_E200.0_D5e13,200.0,5.0e13,156.9484,3.9173e8
c21_E200.0_D5e13,200.0,5.0e13,166.0419,7.5298e7
c21_E200.0_D5e13,200.0,5.0e13,173.9522,2.1378e7
c21_E200.0_D5e13,200.0,5.0e13,178.5256,9.0460e6
c21_E200.0_D5e13,200.0,5.0e13,185.1149,2.1280e6
c21_E200.0_D5e13,200.0,5.0e13,192.4357,5.1023e5
c21_E200.0_D5e13,200.0,5.0e13,199.9188,9.2093e4
c22_E200.0_D1e14,200.0,1.0e14,0.0000,6.9274e10
c22_E200.0_D1e14,200.0,1.0e14,6.9091,1.2905e11
c22_E200.0_D1e14,200.0,1.0e14,21.5261,4.1839e11
c22_E200.0_D1e14,200.0,1.0e14,25.7203,5.3456e11
c22_E200.0_D1e14,200.0,1.0e14,36.0983,9.8014e11
c22_E200.0_D1e14,200.0,1.0e14,41.6761,1.1968e12
c22_E200.0_D1e14,200.0,1.0e14,46.2255,1.2589e12
c22_E200.0_D1e14,200.0,1.0e14,56.0741,1.5843e12
c22_E200.0_D1e14,200.0,1.0e14,60.5257,1.8116e12
c22_E200.0_D1e14,200.0,1.0e14,74.2253,1.4674e12
c22_E200.0_D1e14,200.0,1.0e14,83.9843,1.0319e12
c22_E200.0_D1e14,200.0,1.0e14,87.8325,8.7878e11
c22_E200.0_D1e14,200.0,1.0e14,95.1480,6.3297e11
c22_E200.0_D1e14,200.0,1.0e14,109.5574,2.2673e11
c22_E200.0_D1e14,200.0,1.0e14,119.1553,9.7843e10
c22_E200.0_D1e14,200.0,1.0e14,123.9530,6.0101e10
c22_E200.0_D1e14,200.0,1.0e14,129.9532,3.1839e10
c22_E200.0_D1e14,200.0,1.0e14,135.9910,1.4652e10
c22_E200.0_D1e14,200.0,1.0e14,146.5805,3.7350e9
c22_E200.0_D1e14,200.0,1.0e14,150.5838,2.0694e9
c22_E200.0_D1e14,200.0,1.0e14,159.0235,5.9033e8
c22_E200.0_D1e14,200.0,1.0e14,164.5112,2.0754e8
c22_E200.0_D1e14,200.0,1.0e14,173.8466,4.4911e7
c22_E200.0_D1e14,200.0,1.0e14,180.8956,9.8926e6
c22_E200.0_D1e14,200.0,1.0e14,186.7663,3.4897e6
c22_E200.0_D1e14,200.0,1.0e14,193.7519,7.5777e5
c22_E200.0_D1e14,200.0,1.0e14,200.0000,1.6929e5
c23_E200.0_D5e14,200.0,5.0e14,5.7010,5.7175e11
c23_E200.0_D5e14,200.0,5.0e14,15.1013,1.3162e12
c23_E200.0_D5e14,200.0,5.0e14,28.2979,3.0731e12
c23_E200.0_D5e14,200.0,5.0e14,32.8376,4.2019e12
c23_E200.0_D5e14,200.0,5.0e14,40.1563,5.6292e12
c23_E200.0_D5e14,200.0,5.0e14,47.8664,6.8338e12
c23_E200.0_D5e14,200.0,5.0e14,55.2505,8.2099e12
c23_E200.0_D5e14,200.0,5.0e14,60.6513,7.7669e12
c23_E200.0_D5e14,200.0,5.0e14,87.9655,4.9021e12
c23_E200.0_D5e14,200.0,5.0e14,97.6848,2.5206e12
c23_E200.0_D5e14,200.0,5.0e14,103.3069,2.0465e12
c23_E200.0_D5e14,200.0,5.0e14,111.7433,9.7276e11
c23_E200.0_D5e14,200.0,5.0e14,132.8471,1.1744e11
c23_E200.0_D5e14,200.0,5.0e14,136.8544,6.9623e10
c23_E200.0_D5e14,200.0,5.0e14,142.9382,3.1494e10
c23_E200.0_D5e14,200.0,5.0e14,159.3610,2.7233e9
c23_E200.0_D5e14,200.0,5.0e14,165.5874,9.4753e8
c23_E200.0_D5e14,200.0,5.0e14,170.9718,3.3740e8
c23_E200.0_D5e14,200.0,5.0e14,186.7780,1.5503e7
c23_E200.0_D5e14,200.0,5.0e14,192.4637,4.6544e6
c23_E200.0_D5e14,200.0,5.0e14,200.0000,8.6241e5
c24_E200.0_D1e15,200.0,1.0e15,1.8349,7.3601e11
c24_E200.0_D1e15,200.0,1.0e15,5.6020,1.2144e12
c24_E200.0_D1e15,200.0,1.0e15,13.2210,2.2374e12
c24_E200.0_D1e15,200.0,1.0e15,27.1935,6.0825e12
c24_E200.0_D1e15,200.0,1.0e15,34.1806,8.5694e12
c24_E200.0_D1e15,200.0,1.0e15,56.8941,1.5048e13
c24_E200.0_D1e15,200.0,1.0e15,68.3529,1.4646e13
c24_E200.0_D1e15,200.0,1.0e15,77.4212,1.3303e13
c24_E200.0_D1e15,200.0,1.0e15,84.6773,1.0237e13
c24_E200.0_D1e15,200.0,1.0e15,88.5105,8.8255e12
c24_E200.0_D1e15,200.0,1.0e15,94.5373,6.2382e12
c24_E200.0_D1e15,200.0,1.0e15,102.4329,3.7062e12
c24_E200.0_D1e15,200.0,1.0e15,112.2046,2.0041e12
c24_E200.0_D1e15,200.0,1.0e15,115.8015,1.3840e12
c24_E200.0_D1e15,200.0,1.0e15,123.7691,6.3075e11
c24_E200.0_D1e15,200.0,1.0e15,129.6046,3.0900e11
c24_E200.0_D1e15,200.0,1.0e15,137.7571,1.2534e11
c24_E200.0_D1e15,200.0,1.0e15,151.4136,1.6447e10
c24_E200.0_D1e15,200.0,1.0e15,156.6172,8.3928e9
c24_E200.0_D1e15,200.0,1.0e15,173.2124,4.6941e8
c24_E200.0_D1e15,200.0,1.0e15,185.7515,4.0033e7
c24_E200.0_D1e15,200.0,1.0e15,191.3499,1.1627e7
c24_E200.0_D1e15,200.0,1.0e15,199.0690,2.1430e6
c25_E200.0_D2e15,200.0,2.0e15,0.0000,1.3790e12
c25_E200.0_D2e15,200.0,2.0e15,13.6907,5.0752e12
c25_E200.0_D2e15,200.0,2.0e15,29.0565,1.3235e13
c25_E200.0_D2e15,200.0,2.0e15,41.3552,2.3409e13
c25_E200.0_D2e15,200.0,2.0e15,48.6869,2.9803e13
c25_E200.0_D2e15,200.0,2.0e15,56.6130,3.3860e13
c25_E200.0_D2e15,200.0,2.0e15,60.3530,3.5105e13
c25_E200.0_D2e15,200.0,2.0e15,82.5247,2.2573e13
c25_E200.0_D2e15,200.0,2.0e15,90.1409,1.5856e13
c25_E200.0_D2e15,200.0,2.0e15,95.7790,1.1326e13
c25_E200.0_D2e15,200.0,2.0e15,109.6911,4.2745e12
c25_E200.0_D2e15,200.0,2.0e15,115.7483,2.8118e12
c25_E200.0_D2e15,200.0,2.0e15,124.5994,1.2213e12
c25_E200.0_D2e15,200.0,2.0e15,130.6782,5.5032e11
c25_E200.0_D2e15,200.0,2.0e15,135.9413,2.8963e11
c25_E200.0_D2e15,200.0,2.0e15,146.4644,7.3830e10
c25_E200.0_D2e15,200.0,2.0e15,180.3760,2.3033e8
c25_E200.0_D2e15,200.0,2.0e15,184.5347,9.6629e7
c25_E200.0_D2e15,200.0,2.0e15,191.8740,1.8768e7
c25_E200.0_D2e15,200.0,2.0e15,199.2082,4.1006e6
